"codon","Burmese_python","Cali_two_spot_octopus","Deinagkistrodon","GU190215","Garter_snake","KP886808","KP886809","King_cobra","Louse","MG772933","MG772934","MN908947","Mite","Owl_limpet","Placozoa","Tasmanian_devil","Western_honey_bee","Bungarus multicinctus","Naja atra","Marmota","Erinaceus europeaus","manis javanica","Rhonolophus sinicus","Gallus gallus","Homo sapiens"
"UUU",1.01,1.09,1.06,1.4,1.03,1.25,1.24,1.05,1.33,1.32,1.34,1.41,1.16,1.26,1.26,0.99,1.11,1.14,1.15,0.94,0.91,0.93,0.99,0.91,0.93
"UCU",1.14,1.22,1.34,1.95,1.15,1.83,1.84,1.17,0.8,2.02,2.01,1.97,1.09,1.14,1.04,1.1,0.92,1.5,1.43,1.04,1.02,1.02,1.14,0.88,1.13
"UAU",1.08,1.14,1.09,1.13,1.09,1.13,1.12,1.09,1.2,1.18,1.17,1.22,1.21,1.26,1.26,1.05,1.16,1.25,1.21,0.97,0.95,0.94,0.9,1.02,0.89
"UGU",0.93,1.17,1.01,1.34,0.94,1.31,1.31,0.94,1.13,1.45,1.45,1.55,1.18,1.38,1.03,0.97,1.03,1.03,1,0.9,0.85,0.87,1.14,0.86,0.91
"UUC",0.99,0.91,0.94,0.6,0.97,0.75,0.76,0.95,0.67,0.68,0.66,0.59,0.84,0.74,0.74,1.01,0.89,0.86,0.85,1.06,1.09,1.07,1.01,1.09,1.07
"UCC",1.09,0.84,1.19,0.65,1.1,0.5,0.5,1.12,0.87,0.44,0.47,0.46,0.78,0.76,0.69,1.14,0.84,0.85,0.81,1.18,1.12,1.16,1.31,1.16,1.31
"UAC",0.92,0.86,0.91,0.87,0.91,0.87,0.88,0.91,0.8,0.82,0.83,0.78,0.79,0.74,0.74,0.95,0.84,0.75,0.79,1.03,1.05,1.06,1.1,0.98,1.11
"UGC",1.07,0.83,0.99,0.66,1.06,0.69,0.69,1.06,0.87,0.55,0.55,0.45,0.82,0.62,0.97,1.03,0.97,0.97,1,1.1,1.15,1.13,0.86,1.14,1.09
"UUA",0.67,1.06,0.69,1.29,0.72,1.09,1.1,0.69,1.94,1.35,1.46,1.63,1.34,1.59,1.7,0.67,1.4,0.73,0.86,0.46,0.49,0.48,0.56,0.42,0.46
"UCA",1.23,1.48,0.97,1.5,1.24,1.66,1.65,1.23,1.57,1.67,1.6,1.66,1.81,1.56,1.4,1.23,1.25,1.21,1.16,1.13,1.22,1.15,1,1.13,0.9
"UUG",1.13,1.31,1.11,1.25,1.16,1.1,1.09,1.14,1.44,1.18,1.1,1.07,1.39,1.2,1.22,1.01,1.29,1.24,1.21,0.77,0.88,0.85,0.87,0.72,0.77
"UCG",0.31,0.44,0.33,0.16,0.34,0.23,0.23,0.34,0.98,0.15,0.16,0.11,0.64,0.45,0.76,0.33,1.02,0.17,0.26,0.39,0.4,0.38,0.28,0.41,0.33
"UGG",1,1,1,1,1,1,1,1,1,1,1,1,1,1,1,1,1,1,1,1,1,1,1,1,1
"CUU",1.12,1.04,1.05,1.83,1.12,1.79,1.78,1.15,0.91,1.76,1.76,1.74,1.1,0.79,0.94,1.09,0.95,1.3,1.11,1.11,1,1,1.04,1.05,0.79
"CCU",1.18,1.11,1.29,2.1,1.17,1.71,1.69,1.19,0.97,1.8,1.79,1.94,1.22,1.1,1.23,1.14,0.96,1.7,1.66,1.17,1.08,1.12,1.15,1.05,1.15
"CAU",1.07,1.14,1.04,1.3,1.09,1.32,1.33,1.1,1.25,1.38,1.36,1.39,1.31,1.25,1.38,1.06,1.08,1.19,1.04,0.99,0.95,0.95,1,0.9,0.84
"CGU",0.42,0.59,0.62,1.72,0.43,1.95,1.93,0.41,0.79,1.52,1.49,1.46,0.71,0.56,0.81,0.36,0.71,0.42,0.59,0.43,0.41,0.44,0.69,0.66,0.48
"CUC",0.99,0.76,0.99,0.57,0.98,0.85,0.85,0.99,0.65,0.68,0.67,0.6,0.77,0.56,0.49,1.09,0.79,0.78,0.79,1.23,1.17,1.2,0.96,1.14,1.17
"CCC",0.92,0.66,1.01,0.43,0.91,0.44,0.44,0.93,0.62,0.36,0.4,0.29,0.52,0.62,0.5,1.07,0.65,0.57,0.59,1.09,1.09,1.11,1.35,1.12,1.29
"CAC",0.93,0.86,0.96,0.7,0.91,0.68,0.67,0.9,0.75,0.62,0.64,0.61,0.69,0.75,0.62,0.94,0.92,0.81,0.96,1.01,1.05,1.05,1,1.1,1.16
"CGC",0.45,0.34,0.79,0.75,0.49,0.74,0.74,0.42,0.34,0.63,0.69,0.58,0.39,0.25,0.53,0.45,0.59,0.48,0.43,0.66,0.67,0.65,0.87,0.82,1.1
"CUA",0.62,0.7,0.52,0.63,0.63,0.64,0.64,0.62,0.5,0.6,0.61,0.66,0.61,0.91,0.92,0.65,0.67,0.5,0.47,0.62,0.63,0.57,0.57,0.6,0.43
"CCA",1.47,1.78,1.27,1.25,1.43,1.72,1.73,1.43,1.29,1.58,1.62,1.59,1.74,1.83,1.56,1.33,1.4,1.51,1.58,1.23,1.27,1.25,1.13,1.02,1.11
"CAA",0.9,1.15,0.8,1.02,0.95,1.13,1.12,0.95,1.41,1.25,1.28,1.39,1.44,1.13,1.35,0.88,1.23,0.89,0.94,0.85,0.8,0.75,0.76,0.81,0.53
"CGA",0.51,0.82,0.68,0.36,0.57,0.36,0.35,0.53,1.33,0.32,0.29,0.29,1.17,0.74,1.21,0.53,1.26,0.66,0.6,0.6,0.55,0.55,0.72,0.71,0.65
"CUG",1.47,1.13,1.64,0.44,1.38,0.53,0.53,1.42,0.56,0.42,0.4,0.29,0.79,0.94,0.73,1.5,0.9,1.45,1.55,1.81,1.83,1.89,2,2.06,2.37
"CCG",0.43,0.45,0.42,0.22,0.49,0.13,0.14,0.45,1.12,0.25,0.19,0.17,0.52,0.45,0.71,0.46,0.99,0.21,0.17,0.51,0.56,0.51,0.37,0.81,0.45
"CAG",1.1,0.85,1.2,0.98,1.05,0.87,0.88,1.05,0.59,0.75,0.72,0.61,0.56,0.87,0.65,1.12,0.77,1.11,1.06,1.15,1.2,1.25,1.24,1.19,1.47
"CGG",0.58,0.44,0.94,0.17,0.65,0.12,0.12,0.57,0.78,0.1,0.1,0.19,0.47,0.36,0.49,0.64,0.69,0.67,0.69,0.73,0.79,0.78,1.1,0.99,1.21
"AUU",1.14,1.23,1.23,1.69,1.15,1.72,1.72,1.17,1.37,1.57,1.6,1.52,1.31,1.19,1.28,1.11,1.16,1.37,1.46,1.09,1.02,1.06,1.28,1.02,1.08
"ACU",1.07,1.07,1.15,1.63,1.05,1.63,1.63,1.06,0.77,1.73,1.74,1.78,1.14,1.01,1.22,1.07,0.76,1.3,1.28,1,0.97,0.97,0.96,0.99,0.99
"AAU",1.05,1.08,1.09,1.26,1.07,1.23,1.23,1.07,1.3,1.33,1.29,1.35,1.21,1.18,1.34,1.05,1.17,1.16,1.06,1,0.94,0.97,0.93,0.92,0.94
"AGU",0.96,1.11,0.96,1.26,0.93,1.31,1.31,0.92,1.03,1.34,1.39,1.44,0.94,1.3,1.11,0.95,0.97,1.35,1.39,0.89,0.86,0.87,0.85,0.93,0.9
"AUC",1.07,0.87,1.1,0.47,1.04,0.68,0.67,1.05,0.7,0.56,0.55,0.56,0.97,0.74,0.81,1.11,0.89,0.92,0.86,1.27,1.21,1.23,1.25,1.36,1.41
"ACC",1.04,0.86,1.15,0.62,1.02,0.58,0.58,1.05,0.73,0.45,0.42,0.38,0.99,0.89,0.74,1.12,0.83,1.07,1.06,1.25,1.2,1.24,1.39,1.15,1.42
"AAC",0.95,0.92,0.91,0.74,0.93,0.77,0.77,0.93,0.7,0.67,0.71,0.65,0.79,0.82,0.66,0.95,0.83,0.84,0.94,1,1.06,1.03,1.07,1.08,1.06
"AGC",1.29,0.9,1.22,0.48,1.24,0.48,0.47,1.22,0.76,0.36,0.37,0.36,0.74,0.79,1,1.25,1,0.91,0.93,1.37,1.38,1.41,1.42,1.5,1.44
"AUA",0.79,0.9,0.68,0.84,0.81,0.61,0.61,0.78,0.93,0.87,0.86,0.93,0.72,1.07,0.91,0.78,0.94,0.71,0.68,0.64,0.77,0.71,0.47,0.61,0.51
"ACA",1.46,1.64,1.3,1.51,1.47,1.61,1.62,1.45,1.47,1.57,1.59,1.64,1.39,1.59,1.32,1.43,1.39,1.38,1.33,1.29,1.31,1.31,1.15,1.24,1.14
"AAA",1.05,1.23,1.09,1.05,1.08,1.08,1.08,1.05,1.46,1.19,1.19,1.31,1.28,1.25,1.25,1.04,1.24,1.16,1.18,0.99,0.94,0.96,1,0.93,0.87
"AGA",2.45,2.68,1.68,2.1,2.37,2.05,2.06,2.4,1.92,2.62,2.6,2.67,2.21,2.98,2.04,2.42,1.75,2.29,2.07,2.07,1.97,1.94,1.42,1.46,1.29
"AUG",1,1,1,1,1,1,1,1,1,1,1,1,1,1,1,1,1,1,1,1,1,1,1,1,1
"ACG",0.43,0.43,0.41,0.24,0.46,0.18,0.18,0.44,1.03,0.25,0.25,0.2,0.47,0.51,0.72,0.38,1.02,0.24,0.34,0.47,0.52,0.49,0.5,0.62,0.46
"AAG",0.95,0.77,0.91,0.95,0.92,0.92,0.92,0.95,0.54,0.81,0.81,0.69,0.72,0.75,0.75,0.96,0.76,0.84,0.82,1.01,1.06,1.04,1,1.07,1.13
"AGG",1.59,1.13,1.28,0.9,1.48,0.79,0.81,1.66,0.84,0.8,0.83,0.81,1.05,1.1,0.91,1.6,0.99,1.47,1.61,1.51,1.61,1.63,1.19,1.36,1.27
"GUU",1.06,1.24,0.99,1.79,1.07,1.74,1.74,1.08,1.55,1.85,1.8,1.95,1.54,1.3,1.35,0.96,1.19,1.08,1.02,0.89,0.82,0.83,0.87,0.85,0.73
"GCU",1.22,1.32,1.29,2.06,1.2,2.08,2.08,1.22,1.07,2.1,2.11,2.18,1.54,1.54,1.41,1.2,0.9,1.54,1.34,1.15,1.12,1.12,1.25,1.14,1.06
"GAU",1.15,1.2,1.16,1.23,1.15,1.24,1.24,1.15,1.34,1.23,1.23,1.28,1.39,1.36,1.45,1.08,1.24,1.32,1.27,0.96,0.93,0.94,1.08,1.02,0.93
"GGU",0.7,1.09,0.74,2.17,0.7,2.13,2.12,0.68,1.01,2.15,2.15,2.34,1.31,1.3,1.13,0.65,0.91,0.99,0.93,0.66,0.63,0.63,0.79,0.7,0.65
"GUC",0.9,0.84,0.92,0.73,0.9,0.68,0.68,0.9,0.82,0.55,0.61,0.56,0.82,0.7,0.76,0.96,0.82,0.74,0.71,1.04,0.99,1,0.95,1.02,0.95
"GCC",1.05,0.84,1.26,0.64,1.07,0.59,0.6,1.07,0.81,0.53,0.52,0.57,0.89,0.83,0.7,1.21,0.86,0.93,0.97,1.24,1.22,1.27,1.59,1.26,1.6
"GAC",0.85,0.8,0.84,0.77,0.85,0.76,0.76,0.85,0.66,0.77,0.77,0.72,0.61,0.64,0.55,0.92,0.76,0.68,0.73,1.04,1.07,1.06,0.92,0.98,1.07
"GGC",0.93,0.77,1.05,0.89,0.94,0.86,0.86,0.88,0.53,0.77,0.77,0.72,0.64,0.57,0.89,0.96,0.83,0.75,0.77,1.07,1.09,1.09,1.39,1.03,1.35
"GUA",0.68,0.86,0.65,0.66,0.71,0.81,0.82,0.68,0.89,0.91,0.88,0.91,0.8,1.05,1.13,0.7,0.95,0.88,0.71,0.56,0.59,0.56,0.53,0.51,0.47
"GCA",1.35,1.5,1.1,1.01,1.33,1.11,1.11,1.33,1.39,1.12,1.13,1.1,1.2,1.24,1.35,1.22,1.32,1.33,1.38,1.12,1.14,1.13,0.93,1.08,0.91
"GAA",1.17,1.37,1.13,1.17,1.19,1.1,1.1,1.18,1.5,1.27,1.24,1.44,1.39,1.39,1.46,1.12,1.27,1.15,1.17,1.03,1.01,0.99,0.92,1.04,0.84
"GGA",1.53,1.57,1.31,0.8,1.54,0.85,0.85,1.57,1.83,0.92,0.93,0.83,1.61,1.52,1.51,1.48,1.6,1.59,1.64,1.39,1.33,1.31,1.03,1.29,1
"GUG",1.36,1.06,1.43,0.82,1.32,0.77,0.77,1.34,0.75,0.69,0.72,0.57,0.84,0.95,0.76,1.39,1.04,1.29,1.56,1.51,1.6,1.61,1.66,1.62,1.85
"GCG",0.38,0.34,0.34,0.29,0.41,0.21,0.21,0.37,0.73,0.25,0.24,0.15,0.37,0.39,0.54,0.38,0.92,0.2,0.31,0.48,0.52,0.48,0.24,0.52,0.42
"GAG",0.83,0.63,0.87,0.83,0.81,0.9,0.9,0.82,0.5,0.73,0.76,0.56,0.61,0.61,0.54,0.88,0.73,0.85,0.83,0.97,0.99,1.01,1.08,0.96,1.16
"GGG",0.84,0.57,0.9,0.14,0.82,0.16,0.16,0.88,0.63,0.16,0.15,0.12,0.45,0.6,0.47,0.91,0.66,0.77,0.81,0.88,0.62,0.95,0.88,0.99,1.01
